{"manifestVersion":1,"name":"Ame_Matoi-Counter_Strike_Sosig_TNH_Voicelines","authorName":"Ame_Matoi","websiteUrl":"","displayName":"Counter_Strike_Sosig_TNH_Voicelines","description":"Replaces Sosig dialogue with CS:S bot radio chatter for Take and Hold. Adds tactical immersion to your TNH runs. First mod attempt - would love feedback! Enjoy!","gameVersion":"","networkMode":"","packageType":"","installMode":"","installedAtTime":0,"loaders":[],"dependencies":["Potatoes-Potatoes_TNH_BGM_Loader-3.0.0"],"incompatibilities":[],"optionalDependencies":[],"versionNumber":{"major":1,"minor":0,"patch":0},"enabled":true,"icon":""}